,loss,accuracy,val_loss,val_accuracy,lr,mov_ave_accuracy,mov_ave_val_accuracy,mov_std_accuracy,mov_std_val_accuracy,mov_ave_loss,mov_ave_val_loss,mov_std_loss,mov_std_val_loss
0,0.8752601742744446,0.800000011920929,0.45872101187705994,0.8666666746139526,0.0005,,,,,,,,
1,0.5630823969841003,0.7333333492279053,0.3819389343261719,0.8666666746139526,0.0005,,,,,,,,
2,0.6574323177337646,0.800000011920929,0.3490585386753082,0.8666666746139526,0.0005,,,,,,,,
3,0.4486062228679657,0.8999999761581421,0.3393386900424957,0.8666666746139526,0.0005,,,,,,,,
4,0.3760460615158081,0.7666666507720947,0.3472430408000946,0.8666666746139526,0.0005,,,,,,,,
5,0.1671646237373352,0.9666666388511658,0.3631459176540375,0.8666666746139526,0.0005,,,,,,,,
6,0.08267798274755478,1.0,0.3833536207675934,0.8666666746139526,0.0005,,,,,,,,
7,0.06728798896074295,0.9666666388511658,0.40668419003486633,0.800000011920929,0.0005,,,,,,,,
8,0.1325494796037674,0.9333333373069763,0.42901307344436646,0.800000011920929,0.0005,,,,,,,,
9,0.11844000965356827,0.9666666388511658,0.4435015320777893,0.800000011920929,0.0005,,,,,,,,
10,0.04772069677710533,1.0,0.45304349064826965,0.800000011920929,0.0005,,,,,,,,
11,0.17219997942447662,0.9333333373069763,0.4620123505592346,0.7333333492279053,0.0005,,,,,,,,
12,0.11905927956104279,0.9333333373069763,0.46089968085289,0.7333333492279053,0.0005,,,,,,,,
13,0.07489039748907089,0.9666666388511658,0.4496808350086212,0.7333333492279053,0.0005,,,,,,,,
14,0.06300833076238632,0.9666666388511658,0.4352881610393524,0.800000011920929,0.00045000002,,,,,,,,
15,0.022197110578417778,1.0,0.42045921087265015,0.800000011920929,0.00045000002,,,,,,,,
16,0.06504879891872406,0.9666666388511658,0.40379437804222107,0.800000011920929,0.00045000002,,,,,,,,
17,0.017834123224020004,1.0,0.3884153366088867,0.800000011920929,0.00045000002,,,,,,,,
18,0.0303567573428154,1.0,0.37208113074302673,0.7333333492279053,0.00045000002,,,,,,,,
19,0.03941131383180618,1.0,0.36005204916000366,0.7333333492279053,0.00045000002,0.9299999922513962,0.8066666781902313,0.08293236327520251,0.05120763526691096,0.20701370229944588,0.405386258661747,0.23822569123909781,0.04104280100363952
20,0.020231883972883224,1.0,0.34843015670776367,0.7333333492279053,0.00045000002,0.9399999916553498,0.800000011920929,0.078598837143276,0.051639774871461604,0.1642622877843678,0.3998717159032822,0.18531190339755066,0.040915417813486
21,0.01642880029976368,1.0,0.3382810652256012,0.7333333492279053,0.00045000002,0.9533333241939544,0.7933333456516266,0.06359594671947617,0.05120763526691096,0.13692960795015097,0.39768882244825365,0.16350317788927543,0.04292898287644968
22,0.017849642783403397,1.0,0.33004406094551086,0.800000011920929,0.00045000002,0.963333323597908,0.7900000125169754,0.05364492660052627,0.048419460601754914,0.1049504742026329,0.3967380985617638,0.11346132620964663,0.04418754527968775
23,0.02862207032740116,1.0,0.32304590940475464,0.800000011920929,0.00045000002,0.9683333247900009,0.7866666793823243,0.05214829576388285,0.04521553052577932,0.08395126657560467,0.39592345952987673,0.0825762884044767,0.045372545149150616
24,0.020421849563717842,1.0,0.31733939051628113,0.800000011920929,0.00045000002,0.9799999922513962,0.783333346247673,0.024494900834524307,0.0414996628530563,0.06617005597800016,0.39442827701568606,0.04938119921669061,0.0473995350115621
25,0.01587642915546894,1.0,0.31309014558792114,0.800000011920929,0.00045000002,0.9816666603088379,0.7800000131130218,0.02466441737264276,0.0371184268731027,0.05860564624890685,0.39192548841238023,0.044696306901491754,0.05022267664477786
26,0.01484754029661417,1.0,0.3089696764945984,0.800000011920929,0.00045000002,0.9816666603088379,0.7766666799783707,0.02466441737264276,0.03179797148525795,0.05521412412635982,0.38820629119873046,0.045310287473442616,0.05337503454099892
27,0.020643942058086395,1.0,0.30677130818367004,0.8666666746139526,0.00045000002,0.9833333283662796,0.7800000131130218,0.024720664168732833,0.0371184268731027,0.05288192178122699,0.38321064710617064,0.04582629100153206,0.056021862143421614
28,0.0048106079921126366,1.0,0.30523058772087097,0.8666666746139526,0.00045000002,0.9866666615009307,0.783333346247673,0.022110836009239916,0.0414996628530563,0.04649497820064426,0.3770215228199959,0.04309817247466225,0.057439491195085186
29,0.00704135000705719,1.0,0.304008424282074,0.8666666746139526,0.00045000002,0.9883333295583725,0.7866666793823243,0.021794497862781478,0.04521553052577933,0.040925045218318704,0.3700468674302101,0.040564188375609295,0.05741267610296179
30,0.010262539610266685,1.0,0.3033793270587921,0.8666666746139526,0.00045000002,0.9883333295583725,0.7900000125169754,0.021794497862781478,0.048419460601754914,0.03905213735997677,0.36256365925073625,0.041068796101527576,0.055839260796727595
31,0.009091198444366455,1.0,0.3035517930984497,0.8666666746139526,0.00045000002,0.9916666626930237,0.7966666787862777,0.017873014012225755,0.049328825682935167,0.03089669831097126,0.35464063137769697,0.02790341068508291,0.052295951878115025
32,0.010706139728426933,1.0,0.3036356568336487,0.8666666746139526,0.00045000002,0.9949999958276748,0.8033333450555802,0.011902390646358525,0.049328825682935167,0.025479041319340468,0.3467774301767349,0.01951922684794195,0.047313452012664285
33,0.007978669367730618,1.0,0.3048226535320282,0.8666666746139526,0.00045000002,0.9966666638851166,0.8100000113248825,0.010000008344650268,0.048419460601754914,0.022133454913273454,0.3395345211029053,0.016218702578708145,0.041769099072981326
34,0.006776987109333277,1.0,0.3057784140110016,0.8666666746139526,0.00045000002,0.9983333319425582,0.8133333444595336,0.0072648376348156615,0.049888762183383756,0.019321887730620803,0.3330590337514877,0.013542329367604298,0.036073001832065854
35,0.009810219518840313,1.0,0.30729538202285767,0.8666666746139526,0.00045000002,0.9983333319425582,0.8166666775941849,0.0072648376348156615,0.05109902934344663,0.018702543177641928,0.32740084230899813,0.013679230362586134,0.030339661670090237
36,0.010066076181828976,1.0,0.30872872471809387,0.8666666746139526,0.00045000002,1.0,0.8200000107288361,0.0,0.052068328069196645,0.015953407040797174,0.32264755964279174,0.008711730646742445,0.02497068597027226
37,0.011918904259800911,1.0,0.31045734882354736,0.8666666746139526,0.00045000002,1.0,0.8233333438634872,0.0,0.05280992857813231,0.01565764609258622,0.3187496602535248,0.008743213499012043,0.01998753551128514
38,0.011774348095059395,1.0,0.3125457763671875,0.8666666746139526,0.00045000002,1.0,0.8300000101327896,0.0,0.049328825682935167,0.014728525630198419,0.31577289253473284,0.008095142002783383,0.015822533024088446
39,0.00695741456001997,1.0,0.31449946761131287,0.8666666746139526,0.00045000002,1.0,0.836666676402092,0.0,0.04459695787601285,0.013105830666609109,0.3134952634572983,0.005954468220870005,0.012133171558315255
40,0.009610277600586414,1.0,0.3167758584022522,0.8666666746139526,0.00045000002,1.0,0.8433333426713944,0.0,0.038151741533510856,0.012574750347994268,0.3119125485420227,0.005765896137133132,0.009177398454848013
41,0.014164739288389683,1.0,0.31884467601776123,0.8666666746139526,0.00040500003,1.0,0.8500000089406967,0.0,0.0288675117388434,0.012461547297425568,0.31094072908163073,0.005711082342563537,0.007135684641142481
42,0.008554914966225624,1.0,0.3212583363056183,0.800000011920929,0.00040500003,1.0,0.8500000089406967,0.0,0.0288675117388434,0.01199681090656668,0.3105014428496361,0.005631340139861075,0.0061482362861688825
43,0.006980158854275942,1.0,0.32289594411849976,0.800000011920929,0.00040500003,1.0,0.8500000089406967,0.0,0.0288675117388434,0.010914715332910418,0.3104939445853233,0.004240216773995106,0.006133005318289296
44,0.008595626801252365,1.0,0.32505500316619873,0.800000011920929,0.00040500003,1.0,0.8500000089406967,0.0,0.0288675117388434,0.010323404194787144,0.3108797252178192,0.0036577886687389006,0.006761888965951511
45,0.004104016348719597,1.0,0.3271500766277313,0.800000011920929,0.00040500003,1.0,0.8500000089406967,0.0,0.0288675117388434,0.009734783554449677,0.3115827217698097,0.003664038569013199,0.0076302593058964665
46,0.005733612459152937,1.0,0.329086571931839,0.800000011920929,0.00040500003,1.0,0.8500000089406967,0.0,0.0288675117388434,0.009279087162576615,0.3125885665416718,0.0035652452741872674,0.00849629163896584
47,0.009389402344822884,1.0,0.33170440793037415,0.800000011920929,0.00040500003,1.0,0.8466666758060455,0.0,0.030550502812086953,0.00871636017691344,0.31383522152900695,0.0024365804597618265,0.009338713391930787
48,0.005041678436100483,1.0,0.3342515230178833,0.800000011920929,0.00040500003,1.0,0.8433333426713944,0.0,0.03179797148525795,0.008727913699112832,0.3152862682938576,0.0024185140358032524,0.01011164246195804
49,0.009087837301194668,1.0,0.3368411958217621,0.800000011920929,0.00040500003,1.0,0.8400000095367431,0.0,0.03265986129042949,0.008830238063819707,0.316927906870842,0.002388093855225006,0.01078988381865088
50,0.007463871035724878,1.0,0.3387991487979889,0.800000011920929,0.00040500003,1.0,0.836666676402092,0.0,0.033166245926691575,0.008690304635092617,0.3186988979578018,0.00238205467058664,0.011314793140641507
51,0.00599224166944623,1.0,0.3398956060409546,0.800000011920929,0.00036450004,1.0,0.8333333432674408,0.0,0.03333333134651184,0.008535356796346604,0.3205160886049271,0.0024507380555549977,0.011649705763006116
52,0.0032532906625419855,1.0,0.3410275876522064,0.800000011920929,0.00036450004,1.0,0.8300000101327896,0.0,0.033166245926691575,0.008162714343052357,0.32238568514585497,0.002650783058670033,0.011790202880267
53,0.006848561577498913,1.0,0.3425890803337097,0.800000011920929,0.00036450004,1.0,0.8266666769981384,0.0,0.0326598612904295,0.008106208953540773,0.324274006485939,0.002666104688867586,0.01185027347181731
54,0.0049771531485021114,1.0,0.3441457450389862,0.800000011920929,0.00036450004,1.0,0.8233333438634872,0.0,0.03179797148525795,0.008016217255499215,0.3261923730373383,0.0027388361912100024,0.011806303559430222
55,0.005312367342412472,1.0,0.34590473771095276,0.800000011920929,0.00036450004,1.0,0.8200000107288361,0.0,0.03055050281208695,0.007791324646677822,0.32812284082174303,0.0027668149573761764,0.01171478341464324
56,0.006875201594084501,1.0,0.34690409898757935,0.800000011920929,0.00036450004,1.0,0.8166666775941849,0.0,0.0288675117388434,0.007631780917290598,0.33003160953521726,0.002722691710755143,0.011507517038569209
57,0.0048550027422606945,1.0,0.3476938307285309,0.800000011920929,0.00036450004,1.0,0.8133333444595336,0.0,0.02666666507720947,0.007278585841413587,0.3318934336304665,0.002599010756838509,0.011198065823389582
58,0.002827672054991126,1.0,0.3486584424972534,0.800000011920929,0.00036450004,1.0,0.8100000113248825,0.0,0.023804760009601817,0.006831252039410174,0.33369906693696977,0.0025563034147750158,0.010838498539175916
59,0.0077012088149785995,1.0,0.34931856393814087,0.800000011920929,0.00036450004,1.0,0.8066666781902313,0.0,0.019999998807907104,0.006868441752158105,0.33544002175331117,0.0025632692921625836,0.010402371389561496
60,0.00423188041895628,1.0,0.34980377554893494,0.800000011920929,0.00036450004,1.0,0.8033333450555802,0.0,0.014529662279100169,0.0065995218930765985,0.3370914176106453,0.002543564657274447,0.009918696674667568
61,0.0037566579412668943,1.0,0.34981968998908997,0.800000011920929,0.00032805002,1.0,0.800000011920929,0.0,0.0,0.006079117825720459,0.33864016830921173,0.0019342618315322337,0.009350678154383833
62,0.005150996148586273,1.0,0.3501812815666199,0.800000011920929,0.00032805002,1.0,0.800000011920929,0.0,0.0,0.005908921884838492,0.3400863155722618,0.0018571467612876948,0.008769110594091207
63,0.004014580510556698,1.0,0.3502104878425598,0.800000011920929,0.00032805002,1.0,0.800000011920929,0.0,0.0,0.005760642967652529,0.3414520427584648,0.0018838939687681067,0.008085888296055442
64,0.014683579094707966,1.0,0.35281363129615784,0.800000011920929,0.00032805002,1.0,0.800000011920929,0.0,0.0,0.006065040582325309,0.34283997416496276,0.0026524481837124176,0.007514411173379972
65,0.0064402916468679905,1.0,0.35551726818084717,0.800000011920929,0.00032805002,1.0,0.800000011920929,0.0,0.0,0.006181854347232729,0.34425833374261855,0.0026146884666131895,0.007083902620230441
66,0.0023818432819098234,1.0,0.35824522376060486,0.8666666746139526,0.00032805002,1.0,0.8033333450555802,0.0,0.014529662279100169,0.006014265888370574,0.34571626633405683,0.002742347179190411,0.006806514944399998
67,0.007792582269757986,1.0,0.3592468500137329,0.8666666746139526,0.00032805002,1.0,0.8066666781902313,0.0,0.019999998807907104,0.005934424884617329,0.3470933884382248,0.0026650772255162034,0.006615845096278002
68,0.00433668028563261,1.0,0.3602767884731293,0.8666666746139526,0.00032805002,1.0,0.8100000113248825,0.0,0.023804760009601817,0.005899174977093935,0.3483946517109871,0.0026812653059883882,0.006520778073452084
69,0.005072660744190216,1.0,0.3609808087348938,0.8666666746139526,0.00032805002,1.0,0.8133333444595336,0.0,0.026666665077209474,0.005698416149243712,0.34960163235664365,0.0025835358430143477,0.006504628712427197
70,0.004139645956456661,1.0,0.36193549633026123,0.8666666746139526,0.00032805002,1.0,0.8166666775941849,0.0,0.0288675117388434,0.005532204895280302,0.3507584497332573,0.00257151277443489,0.0065378510015089665
71,0.004219266586005688,1.0,0.36246225237846375,0.8666666746139526,0.00029524503,1.0,0.8200000107288361,0.0,0.030550502812086953,0.005443556141108275,0.35188678205013274,0.0025846523955813418,0.006513005685883692
72,0.004882139153778553,1.0,0.36296284198760986,0.8666666746139526,0.00029524503,1.0,0.8233333438634872,0.0,0.03179797148525795,0.0055249985656701025,0.3529835447669029,0.002539624272568487,0.006438493973421716
73,0.0029342612251639366,1.0,0.3629292845726013,0.8666666746139526,0.00029524503,1.0,0.8266666769981384,0.0,0.03265986129042949,0.005329283548053354,0.3540005549788475,0.00258057980379582,0.00632167203721254
74,0.0029324358329176903,1.0,0.3630470931529999,0.8666666746139526,0.00029524503,1.0,0.8300000101327896,0.0,0.033166245926691575,0.005227047682274133,0.3549456223845482,0.002632486297983408,0.006189225609398762
75,0.004934517666697502,1.0,0.36305493116378784,0.8666666746139526,0.00029524503,1.0,0.8333333432674408,0.0,0.03333333134651184,0.0052081551984883845,0.35580313205718994,0.0026331619588257677,0.00606402139385683
76,0.002086519729346037,1.0,0.3635605275630951,0.8666666746139526,0.00029524503,1.0,0.836666676402092,0.0,0.033166245926691575,0.004968721105251461,0.3566359534859657,0.0026878414075722262,0.005926886510299985
77,0.004896403755992651,1.0,0.36397120356559753,0.8666666746139526,0.00029524503,1.0,0.8400000095367431,0.0,0.0326598612904295,0.004970791155938059,0.35744982212781906,0.0026877689714326497,0.005758282578674734
78,0.002107344102114439,1.0,0.36420878767967224,0.8666666746139526,0.00029524503,1.0,0.8433333426713944,0.0,0.03179797148525795,0.0049347747582942246,0.35822733938694,0.0027208681225589135,0.005565343488389434
79,0.005594058893620968,1.0,0.36480385065078735,0.8666666746139526,0.00029524503,1.0,0.8466666758060455,0.0,0.03055050281208695,0.004829417262226343,0.35900160372257234,0.0026516217768443313,0.0053448829643543885
80,0.002431403612717986,1.0,0.3651888072490692,0.8666666746139526,0.00029524503,1.0,0.8500000089406967,0.0,0.0288675117388434,0.0047393934219144285,0.359770855307579,0.002700493420621266,0.005065579741741048
81,0.0032268124632537365,1.0,0.36554020643234253,0.8666666746139526,0.00026572053,1.0,0.853333342075348,0.0,0.02666666507720947,0.004712901148013771,0.36055688112974166,0.002712576170510478,0.004664252093002303
82,0.004479742608964443,1.0,0.36580097675323486,0.8666666746139526,0.00026572053,1.0,0.8566666752099991,0.0,0.023804760009601817,0.004679338471032679,0.3613378658890724,0.0027111002953183784,0.004139768595401659
83,0.0030032454524189234,1.0,0.36571672558784485,0.8666666746139526,0.00026572053,1.0,0.8600000083446503,0.0,0.019999998807907104,0.00462877171812579,0.36211317777633667,0.00273237571498272,0.0033621970502212837
84,0.00659548444673419,1.0,0.36581286787986755,0.8666666746139526,0.00026572053,1.0,0.8633333414793014,0.0,0.014529662279100169,0.004224366985727102,0.36276313960552214,0.001562297743413792,0.0026911383709085734
85,0.004216866102069616,1.0,0.36531245708465576,0.8666666746139526,0.00026572053,1.0,0.8666666746139526,0.0,0.0,0.004113195708487183,0.36325289905071256,0.0014774646845738262,0.0021684510053372064
86,0.003489180002361536,1.0,0.36514660716056824,0.8666666746139526,0.00026572053,1.0,0.8666666746139526,0.0,0.0,0.004168562544509769,0.3635979682207108,0.0014315820362296716,0.0018731185120471141
87,0.005507851485162973,1.0,0.36502784490585327,0.8666666746139526,0.00026572053,1.0,0.8666666746139526,0.0,0.0,0.004054326005280018,0.36388701796531675,0.001212182302477104,0.0016064367679737021
88,0.006009818986058235,1.0,0.3640476167201996,0.8666666746139526,0.00026572053,1.0,0.8666666746139526,0.0,0.0,0.004137982940301299,0.3640755593776703,0.001284367118301271,0.0013764784684171453
89,0.001232679933309555,1.0,0.36310845613479614,0.8666666746139526,0.00026572053,1.0,0.8666666746139526,0.0,0.0,0.003945983899757266,0.3641819417476654,0.0014110610940959696,0.0012046850718925846
90,0.002434929134324193,1.0,0.3627747595310211,0.8666666746139526,0.00026572053,1.0,0.8666666746139526,0.0,0.0,0.0038607480586506427,0.3642239049077034,0.0014477974092595998,0.0011385022856866178
91,0.00374011043459177,1.0,0.36223557591438293,0.8666666746139526,0.00023914847,1.0,0.8666666746139526,0.0,0.0,0.003836790251079947,0.36421257108449934,0.0014456293635677513,0.0011569618086005899
92,0.0018286308040842414,1.0,0.3618486225605011,0.8666666746139526,0.00023914847,1.0,0.8666666746139526,0.0,0.0,0.003684114833595231,0.3641568601131439,0.0014877943323975983,0.001239668667288178
93,0.0041172439232468605,1.0,0.36136120557785034,0.8666666746139526,0.00023914847,1.0,0.8666666746139526,0.0,0.0,0.003743263968499377,0.3640784561634064,0.0014803038114068873,0.0013587009803374892
94,0.006497989408671856,1.0,0.36192601919174194,0.8666666746139526,0.00023914847,1.0,0.8666666746139526,0.0,0.0,0.003921541647287086,0.36402240246534345,0.0015830571507611318,0.0014217559916494768
95,0.0017569743795320392,1.0,0.362177312374115,0.8666666746139526,0.00023914847,1.0,0.8666666746139526,0.0,0.0,0.0037626644829288126,0.36397852152585985,0.0016321119879647433,0.0014638587360848755
96,0.002272051526233554,1.0,0.36229678988456726,0.8666666746139526,0.00023914847,1.0,0.8666666746139526,0.0,0.0,0.0037719410727731885,0.36391533464193343,0.0016230609272988863,0.0015071711697523026
97,0.0023348380345851183,1.0,0.36202824115753174,0.8666666746139526,0.00023914847,1.0,0.8666666746139526,0.0,0.0,0.0036438627867028117,0.36381818652153014,0.0016303267056582277,0.0015620586422239822
98,0.0029717697761952877,1.0,0.3616478145122528,0.8666666746139526,0.00023914847,1.0,0.8666666746139526,0.0,0.0,0.003687084070406854,0.3636901378631592,0.0016001993798122713,0.0016283513172935552
99,0.0035938217770308256,1.0,0.3613489866256714,0.8666666746139526,0.00023914847,1.0,0.8666666746139526,0.0,0.0,0.003587072214577347,0.36351739466190336,0.0015392345265731208,0.0016833655117426995
100,0.004884748719632626,1.0,0.36149486899375916,0.8666666746139526,0.00023914847,1.0,0.8666666746139526,0.0,0.0,0.003709739469923079,0.3633326977491379,0.0015400049973890247,0.001692470383382807
101,0.0026013238821178675,1.0,0.36140358448028564,0.8666666746139526,0.00021523362,1.0,0.8666666746139526,0.0,0.0,0.0036784650408662857,0.363125866651535,0.0015557652885786755,0.0016625570867113827
102,0.003722414141520858,1.0,0.36097589135169983,0.8666666746139526,0.00021523362,1.0,0.8666666746139526,0.0,0.0,0.0036405986174941063,0.3628846123814583,0.0015449809242326718,0.001605989237332624
103,0.002418937860056758,1.0,0.36104968190193176,0.8666666746139526,0.00021523362,1.0,0.8666666746139526,0.0,0.0,0.003611383237875998,0.36265126019716265,0.00156218574929429,0.0015139529124308928
104,0.0039230892434716225,1.0,0.36141687631607056,0.8666666746139526,0.00021523362,1.0,0.8666666746139526,0.0,0.0,0.0034777634777128697,0.3624314606189728,0.0014079009572597367,0.0013491251194065
105,0.003914994653314352,1.0,0.36161693930625916,0.8666666746139526,0.00021523362,1.0,0.8666666746139526,0.0,0.0,0.0034626699052751064,0.36224668473005295,0.0014014999857664254,0.0011849732804442609
106,0.0021122044418007135,1.0,0.3615994155406952,0.8666666746139526,0.00021523362,1.0,0.8666666746139526,0.0,0.0,0.0033938211272470653,0.3620693251490593,0.0014319967754875757,0.0009864966393358348
107,0.005822479259222746,1.0,0.3613852858543396,0.8666666746139526,0.00021523362,1.0,0.8666666746139526,0.0,0.0,0.003409552515950054,0.3618871971964836,0.0014566502966763734,0.0007250921035154793
108,0.003067495534196496,1.0,0.3614402413368225,0.8666666746139526,0.00021523362,1.0,0.8666666746139526,0.0,0.0,0.003262436343356967,0.36175682842731477,0.0013296494958179028,0.0005342100651499489
109,0.005897623486816883,1.0,0.36102738976478577,0.8666666746139526,0.00021523362,1.0,0.8666666746139526,0.0,0.0,0.0034956835210323335,0.3616527751088142,0.0013619025463232207,0.0004580529071565614
110,0.002837451407685876,1.0,0.3611636161804199,0.8666666746139526,0.00021523362,1.0,0.8666666746139526,0.0,0.0,0.0035158096347004176,0.3615722179412842,0.0013489910924599506,0.00039031318090958705
111,0.00434971833601594,1.0,0.3603212535381317,0.8666666746139526,0.00019371026,1.0,0.8666666746139526,0.0,0.0,0.003546290029771626,0.3614765018224716,0.0013605522984132163,0.00044657161874134537
112,0.004939335398375988,1.0,0.3599458336830139,0.8666666746139526,0.00019371026,1.0,0.8666666746139526,0.0,0.0,0.0037018252594862135,0.36138136237859725,0.0013328249915893573,0.0005482684126944651
113,0.0031868303194642067,1.0,0.3590894043445587,0.8666666746139526,0.00019371026,1.0,0.8666666746139526,0.0,0.0,0.0036553045792970806,0.3612677723169327,0.0013337505916108492,0.0007418415038998685
114,0.01059578824788332,1.0,0.3584175705909729,0.8666666746139526,0.00019371026,1.0,0.8666666746139526,0.0,0.0,0.0038601945212576537,0.3610923498868942,0.0019342656430913058,0.0009508279731219625
115,0.001994380261749029,1.0,0.35802415013313293,0.8666666746139526,0.00019371026,1.0,0.8666666746139526,0.0,0.0,0.0038720648153685033,0.3608846917748451,0.001922011724335316,0.001128178731179883
116,0.0028444656636565924,1.0,0.35791289806365967,0.8666666746139526,0.00019371026,1.0,0.8666666746139526,0.0,0.0,0.0039006855222396553,0.36066549718379975,0.0019021319087224578,0.0012516460443196909
117,0.0028100539930164814,1.0,0.3569810092449188,0.8666666746139526,0.00019371026,1.0,0.8666666746139526,0.0,0.0,0.003924446320161224,0.3604131355881691,0.0018853172575350164,0.0014452855970370315
118,0.00389614119194448,1.0,0.35659560561180115,0.8666666746139526,0.00019371026,1.0,0.8666666746139526,0.0,0.0,0.003970664890948683,0.3601605251431465,0.0018726840188394687,0.001636304853568781
119,0.0016991992015391588,1.0,0.35623785853385925,0.8666666746139526,0.00019371026,1.0,0.8666666746139526,0.0,0.0,0.0038759337621740997,0.35990496873855593,0.0019361943936342509,0.0018195955950414018
120,0.0031662345863878727,1.0,0.3556993901729584,0.8666666746139526,0.00019371026,1.0,0.8666666746139526,0.0,0.0,0.003790008055511862,0.35961519479751586,0.0019276316473749028,0.0019962250887823494
121,0.0026192665100097656,1.0,0.3552309572696686,0.8666666746139526,0.00017433923,1.0,0.8666666746139526,0.0,0.0,0.003790905186906457,0.359306563436985,0.0019270823148560376,0.0021658304043803457
122,0.0034277169033885,1.0,0.354451060295105,0.8666666746139526,0.00017433923,1.0,0.8666666746139526,0.0,0.0,0.0037761703249998392,0.3589803218841553,0.0019286756770838464,0.0023714659060259775
123,0.0022205885034054518,1.0,0.3538309335708618,0.8666666746139526,0.00017433923,1.0,0.8666666746139526,0.0,0.0,0.0037662528571672737,0.3586193844676018,0.001936124803104282,0.0025700724076708156
124,0.002983092563226819,1.0,0.35304689407348633,0.8666666746139526,0.00017433923,1.0,0.8666666746139526,0.0,0.0,0.0037192530231550335,0.35820088535547256,0.001943143687043038,0.0027552613490068245
125,0.0062920511700212955,1.0,0.35223883390426636,0.8666666746139526,0.00017433923,1.0,0.8666666746139526,0.0,0.0,0.0038381058489903807,0.35773198008537294,0.002022555356528769,0.002926674664975757
126,0.0025415148120373487,1.0,0.3518933653831482,0.8666666746139526,0.00017433923,1.0,0.8666666746139526,0.0,0.0,0.0038595713675022127,0.35724667757749556,0.0020063374676824977,0.0030473799077989057
127,0.003917641472071409,1.0,0.35118940472602844,0.8666666746139526,0.00017433923,1.0,0.8666666746139526,0.0,0.0,0.0037643294781446457,0.35673688352108,0.001955463437147705,0.0031630298953531535
128,0.0024713713210076094,1.0,0.3505478501319885,0.8666666746139526,0.00017433923,1.0,0.8666666746139526,0.0,0.0,0.0037345232674852015,0.3561922639608383,0.0019703443877558775,0.00324303494136574
129,0.002677276497706771,1.0,0.3501015901565552,0.8666666746139526,0.00017433923,1.0,0.8666666746139526,0.0,0.0,0.003573505918029696,0.3556459739804268,0.00191788133840499,0.0033022319998343816
130,0.005293147638440132,1.0,0.34992724657058716,0.8666666746139526,0.00017433923,1.0,0.8666666746139526,0.0,0.0,0.0036962907295674087,0.35508415549993516,0.0019452409332719426,0.003271401773361619
131,0.007604104932397604,1.0,0.35010918974876404,0.8666666746139526,0.00015690531,1.0,0.8666666746139526,0.0,0.0,0.0038590100593864918,0.3545735523104668,0.0021212465482655578,0.0032105308538994647
132,0.0028996667824685574,1.0,0.34987232089042664,0.8666666746139526,0.00015690531,1.0,0.8666666746139526,0.0,0.0,0.0037570266285911202,0.3540698766708374,0.0021158799901263288,0.0031170222488510002
133,0.0032338863238692284,1.0,0.34962886571884155,0.8666666746139526,0.00015690531,1.0,0.8666666746139526,0.0,0.0,0.003759379428811371,0.3535968497395515,0.0021152707141929242,0.003036184979960062
134,0.0016235222574323416,1.0,0.3494478166103363,0.8666666746139526,0.00015690531,1.0,0.8666666746139526,0.0,0.0,0.0033107661292888224,0.3531483620405197,0.0014711853443961644,0.002952293063933874
135,0.002092792885378003,1.0,0.3493272066116333,0.8666666746139526,0.00015690531,1.0,0.8666666746139526,0.0,0.0,0.003315686760470271,0.35271351486444474,0.00146693267005887,0.00284048204239943
136,0.002069216687232256,1.0,0.34914448857307434,0.8666666746139526,0.00015690531,1.0,0.8666666746139526,0.0,0.0,0.0032769243116490543,0.35227509438991544,0.0014889495784334713,0.0026760687344531903
137,0.0013107816921547055,1.0,0.3487640917301178,0.8666666746139526,0.00015690531,1.0,0.8666666746139526,0.0,0.0,0.0032019606966059654,0.3518642485141754,0.001547171208633836,0.0025498283845454273
138,0.005300614051520824,1.0,0.3484424948692322,0.8666666746139526,0.00015690531,1.0,0.8666666746139526,0.0,0.0,0.0032721843395847826,0.35145659297704696,0.0016077718606791254,0.002408645813471442
139,0.002513331826776266,1.0,0.3484956622123718,0.8666666746139526,0.00015690531,1.0,0.8666666746139526,0.0,0.0,0.003312890970846638,0.3510694831609726,0.0015774511310170903,0.0022241967490477057
140,0.00252915034070611,1.0,0.348214715719223,0.8666666746139526,0.00015690531,1.0,0.8666666746139526,0.0,0.0,0.0032810367585625498,0.35069524943828584,0.0015864975398400044,0.0020353582509279053
141,0.004755999427288771,1.0,0.34864112734794617,0.8666666746139526,0.00014121478,1.0,0.8666666746139526,0.0,0.0,0.0033878734044265,0.3503657579421997,0.0016101053150748385,0.0017934484004690403
142,0.0036685296799987555,1.0,0.34843313694000244,0.8666666746139526,0.00014121478,1.0,0.8666666746139526,0.0,0.0,0.003399914043257013,0.35006486177444457,0.001611258256977827,0.0015742252356474495
143,0.0028555968310683966,1.0,0.34798675775527954,0.8666666746139526,0.00014121478,1.0,0.8666666746139526,0.0,0.0,0.00343166445964016,0.34977265298366544,0.0015938690996018627,0.0013782452945958867
144,0.004626760724931955,1.0,0.3470829129219055,0.8666666746139526,0.00014121478,1.0,0.8666666746139526,0.0,0.0,0.003513847867725417,0.34947445392608645,0.0016109054941101518,0.0012791949649732562
145,0.003049042308703065,1.0,0.3461987376213074,0.8666666746139526,0.00014121478,1.0,0.8666666746139526,0.0,0.0,0.0033516974246595053,0.34917244911193845,0.0014810824675582108,0.0013036713093897768
146,0.0015178982866927981,1.0,0.3456540107727051,0.8666666746139526,0.00014121478,1.0,0.8666666746139526,0.0,0.0,0.003300516598392278,0.34886048138141634,0.0015252235801224458,0.0013605279003539748
147,0.0037370508071035147,1.0,0.3453911244869232,0.8666666746139526,0.00014121478,1.0,0.8666666746139526,0.0,0.0,0.0032914870651438834,0.34857056736946107,0.001522074698289782,0.0014483140885622758
148,0.0022640053648501635,1.0,0.34492412209510803,0.8666666746139526,0.00014121478,1.0,0.8666666746139526,0.0,0.0,0.003281118767336011,0.348289380967617,0.0015283194450465558,0.0015773058382378322
149,0.002332282019779086,1.0,0.3448796570301056,0.8666666746139526,0.00014121478,1.0,0.8666666746139526,0.0,0.0,0.003263869043439627,0.34802828431129457,0.001536960005165743,0.0016842885746435222
150,0.001611136132851243,1.0,0.3443855345249176,0.8666666746139526,0.00014121478,1.0,0.8666666746139526,0.0,0.0,0.003079768468160182,0.34775119870901106,0.0015030072383530274,0.001800896995632591
151,0.0033283033408224583,1.0,0.34436148405075073,0.8666666746139526,0.0001270933,1.0,0.8666666746139526,0.0,0.0,0.0028659783885814248,0.3474638134241104,0.0010922142726957687,0.0018593390957392757
152,0.0018743430264294147,1.0,0.34412404894828796,0.8666666746139526,0.0001270933,1.0,0.8666666746139526,0.0,0.0,0.0028147122007794677,0.3471763998270035,0.0011132897577216742,0.0019084525731795983
153,0.002356170676648617,1.0,0.34390658140182495,0.8666666746139526,0.0001270933,1.0,0.8666666746139526,0.0,0.0,0.002770826418418437,0.34689028561115265,0.0011132006970662358,0.0019478670536549174
154,0.0036781090311706066,1.0,0.3434315323829651,0.8666666746139526,0.0001270933,1.0,0.8666666746139526,0.0,0.0,0.0028735557571053505,0.3465894713997841,0.0010972717165775405,0.0019936893747619323
155,0.002474230481311679,1.0,0.34323498606681824,0.8666666746139526,0.0001270933,1.0,0.8666666746139526,0.0,0.0,0.002892627636902034,0.34628486037254336,0.0010868003423366369,0.002017393945927804
156,0.004574875347316265,1.0,0.34279391169548035,0.8666666746139526,0.0001270933,1.0,0.8666666746139526,0.0,0.0,0.0030179105699062346,0.34596733152866366,0.0011282893064984655,0.0020419393300001253
157,0.0029604535084217787,1.0,0.342267245054245,0.8666666746139526,0.0001270933,1.0,0.8666666746139526,0.0,0.0,0.0031003941607195885,0.34564248919487,0.0010586235553011207,0.002087446358655415
158,0.0024728993885219097,1.0,0.3418111503124237,0.8666666746139526,0.0001270933,1.0,0.8666666746139526,0.0,0.0,0.002959008427569643,0.34531092196702956,0.0009371942233939227,0.0021423005779932437
159,0.0023692832328379154,1.0,0.3412683606147766,0.8666666746139526,0.0001270933,1.0,0.8666666746139526,0.0,0.0,0.002951805997872725,0.3449495568871498,0.0009411368370272894,0.0021837705095396386
160,0.00392861757427454,1.0,0.3405514657497406,0.8666666746139526,0.0001270933,1.0,0.8666666746139526,0.0,0.0,0.0030217793595511467,0.3445663943886757,0.0009589673754763684,0.002248585624523262
161,0.00327642192132771,1.0,0.3402366638183594,0.8666666746139526,0.00011438397,1.0,0.8666666746139526,0.0,0.0,0.0029478004842530938,0.3441461712121964,0.0008757920602425448,0.002233093302768742
162,0.0022972009610384703,1.0,0.3395773470401764,0.8666666746139526,0.00011438397,1.0,0.8666666746139526,0.0,0.0,0.002879234048305079,0.34370338171720505,0.0008703458134245338,0.0022170807653688323
163,0.004803870804607868,1.0,0.3394513726234436,0.8666666746139526,0.00011438397,1.0,0.8666666746139526,0.0,0.0,0.002976647746982053,0.34327661246061325,0.0009660206015087549,0.0021725396830185855
164,0.004854417871683836,1.0,0.3387741446495056,0.8666666746139526,0.00011438397,1.0,0.8666666746139526,0.0,0.0,0.002988030604319647,0.34286117404699323,0.0009865209694473612,0.0021992167374319275
165,0.0021098835859447718,1.0,0.33866825699806213,0.8666666746139526,0.00011438397,1.0,0.8666666746139526,0.0,0.0,0.0029410726681817325,0.342484650015831,0.0010046838125915409,0.002239831478145062
166,0.0021897738333791494,1.0,0.33837077021598816,0.8666666746139526,0.00011438397,1.0,0.8666666746139526,0.0,0.0,0.0029746664455160498,0.34212048798799516,0.0009670637271453998,0.0022865233517261638
167,0.0014342566719278693,1.0,0.33812206983566284,0.8666666746139526,0.00011438397,1.0,0.8666666746139526,0.0,0.0,0.0028595267387572674,0.3417570352554321,0.00100575181733691,0.002315298118994728
168,0.00615957286208868,1.0,0.33710309863090515,0.8666666746139526,0.00011438397,1.0,0.8666666746139526,0.0,0.0,0.0030543051136191933,0.34136598408222196,0.0012249004197196474,0.00240605875084229
169,0.00239698588848114,1.0,0.3363453447818756,0.8666666746139526,0.00011438397,1.0,0.8666666746139526,0.0,0.0,0.003057540307054296,0.3409392684698105,0.0012230732326960999,0.0025000157136713585
170,0.0028609377332031727,1.0,0.33557888865470886,0.8666666746139526,0.00011438397,1.0,0.8666666746139526,0.0,0.0,0.0031200303870718925,0.34049893617630006,0.00117869907070538,0.0026266008722060944
171,0.003483057953417301,1.0,0.33482933044433594,0.8666666746139526,0.000102945574,1.0,0.8666666746139526,0.0,0.0,0.003127768117701635,0.3400223284959793,0.0011805474138464587,0.00274465570055844
172,0.003319402923807502,1.0,0.33417749404907227,0.8666666746139526,0.000102945574,1.0,0.8666666746139526,0.0,0.0,0.003200021112570539,0.33952500075101855,0.0011453183719150144,0.0028552931514720806
173,0.0039158714935183525,1.0,0.3335437774658203,0.8666666746139526,0.000102945574,1.0,0.8666666746139526,0.0,0.0,0.003278006153414026,0.3390068605542183,0.001138283979038436,0.00295179078979134
174,0.003598187817260623,1.0,0.33320650458335876,0.8666666746139526,0.000102945574,1.0,0.8666666746139526,0.0,0.0,0.003274010092718527,0.338495609164238,0.0011370119382346942,0.0030257249235132377
175,0.007262772414833307,1.0,0.33254411816596985,0.8666666746139526,0.000102945574,1.0,0.8666666746139526,0.0,0.0,0.003513437189394608,0.33796106576919555,0.0014138598533236944,0.003084996313688799
176,0.002698797034099698,1.0,0.33204495906829834,0.8666666746139526,0.000102945574,1.0,0.8666666746139526,0.0,0.0,0.0034196332737337796,0.33742361813783645,0.0014025155582821657,0.0031321794706688894
177,0.0036649268586188555,1.0,0.33173367381095886,0.8666666746139526,0.000102945574,1.0,0.8666666746139526,0.0,0.0,0.0034548569412436335,0.3368969395756721,0.0013993839104285782,0.003158938930324017
178,0.0034271900076419115,1.0,0.3311322331428528,0.8666666746139526,0.000102945574,1.0,0.8666666746139526,0.0,0.0,0.003502571472199634,0.3363629937171936,0.0013812403460279504,0.00318557932569564
179,0.003421771340072155,1.0,0.3309098482131958,0.8666666746139526,0.000102945574,1.0,0.8666666746139526,0.0,0.0,0.003555195877561346,0.33584506809711456,0.0013568953116764573,0.003188005217492381
180,0.006563106551766396,1.0,0.33092591166496277,0.8666666746139526,0.000102945574,1.0,0.8666666746139526,0.0,0.0,0.0036869203264359384,0.33536379039287567,0.0015063922794011065,0.0031676718730209432
181,0.001593241817317903,1.0,0.3311944007873535,0.8666666746139526,1e-04,1.0,0.8666666746139526,0.0,0.0,0.0036027613212354483,0.33491167724132537,0.0015725406192624218,0.0030841018962439967
182,0.0021530326921492815,1.0,0.3312220871448517,0.8666666746139526,1e-04,1.0,0.8666666746139526,0.0,0.0,0.0035955529077909888,0.33449391424655917,0.0015788265579852571,0.002988208260316553
183,0.0029724135529249907,1.0,0.3312118947505951,0.8666666746139526,1e-04,1.0,0.8666666746139526,0.0,0.0,0.0035039800452068446,0.3340819403529167,0.0015590770464696292,0.0028406740465334087
184,0.0018667017575353384,1.0,0.33116820454597473,0.8666666746139526,1e-04,1.0,0.8666666746139526,0.0,0.0,0.00335459423949942,0.33370164334774016,0.001565648431572886,0.0026922958578300175
185,0.0021770228631794453,1.0,0.3312930762767792,0.8666666746139526,1e-04,1.0,0.8666666746139526,0.0,0.0,0.0033579512033611535,0.333332884311676,0.0015630458178962805,0.002483781586331087
186,0.0031267597805708647,1.0,0.33121979236602783,0.8666666746139526,1e-04,1.0,0.8666666746139526,0.0,0.0,0.0034048005007207395,0.332975335419178,0.0015412196233800205,0.002235077832507323
187,0.001994179794564843,1.0,0.3312428295612335,0.8666666746139526,1e-04,1.0,0.8666666746139526,0.0,0.0,0.003432796656852588,0.33263137340545657,0.0015099385856734695,0.0019242915891780617
188,0.002785355318337679,1.0,0.3312820494174957,0.8666666746139526,1e-04,1.0,0.8666666746139526,0.0,0.0,0.003264085779665038,0.33234032094478605,0.0013786387355261048,0.0016460267379200583
189,0.0016177806537598372,1.0,0.3313562273979187,0.8666666746139526,1e-04,1.0,0.8666666746139526,0.0,0.0,0.003225125517928973,0.3320908650755882,0.0014131701165864656,0.0013760766693527743
190,0.004540932364761829,1.0,0.3313823938369751,0.8666666746139526,1e-04,1.0,0.8666666746139526,0.0,0.0,0.0033091252495069056,0.33188104033470156,0.00143872498042165,0.0011253185008791437
191,0.0019261738052591681,1.0,0.3313685655593872,0.8666666746139526,1e-04,1.0,0.8666666746139526,0.0,0.0,0.003231281042098999,0.3317080020904541,0.0014690081532262433,0.0009027238147334548
192,0.0017125741578638554,1.0,0.33160504698753357,0.8666666746139526,1e-04,1.0,0.8666666746139526,0.0,0.0,0.003150939603801817,0.33157937973737717,0.0015054784834885174,0.0007028349998063222
193,0.0014625549083575606,1.0,0.3320063650608063,0.8666666746139526,1e-04,1.0,0.8666666746139526,0.0,0.0,0.003028273774543777,0.3315025091171265,0.0015377563730235612,0.0005515803171257915
194,0.003037446178495884,1.0,0.3321036398410797,0.8666666746139526,1e-04,1.0,0.8666666746139526,0.0,0.0,0.00300023669260554,0.3314473658800125,0.0015322116990339116,0.00041723848043798557
195,0.0013306064065545797,1.0,0.33242538571357727,0.8666666746139526,1e-04,1.0,0.8666666746139526,0.0,0.0,0.002703628392191604,0.3314414292573929,0.00122090905976796,0.0004021636072231563
196,0.005163249094039202,1.0,0.3325379192829132,0.8666666746139526,1e-04,1.0,0.8666666746139526,0.0,0.0,0.002826850995188579,0.3314660772681236,0.0013333869112455495,0.0004505886701998371
197,0.0024168461095541716,1.0,0.3327586054801941,0.8666666746139526,1e-04,1.0,0.8666666746139526,0.0,0.0,0.002764446957735345,0.3315173238515854,0.001321859687659574,0.0005294856002376169
198,0.0022868914529681206,1.0,0.33305707573890686,0.8666666746139526,1e-04,1.0,0.8666666746139526,0.0,0.0,0.0027074320300016553,0.3316135659813881,0.001316625944363732,0.0006182390349516292
199,0.0025426491629332304,1.0,0.3333870470523834,0.8666666746139526,1e-04,1.0,0.8666666746139526,0.0,0.0,0.002663475921144709,0.3317374259233475,0.0013066810532927344,0.0007066675595435245
200,0.001892202883027494,1.0,0.3336188495159149,0.8666666746139526,1e-04,1.0,0.8666666746139526,0.0,0.0,0.002429930737707764,0.3318720728158951,0.0009603432586996159,0.0007907649595131662
201,0.003106111427769065,1.0,0.33388450741767883,0.8666666746139526,1e-04,1.0,0.8666666746139526,0.0,0.0,0.002505574218230322,0.33200657814741136,0.0009509972855848021,0.0008869894133511421
202,0.0030411144252866507,1.0,0.3336736261844635,0.8666666746139526,1e-04,1.0,0.8666666746139526,0.0,0.0,0.0025499783048871906,0.33212915509939195,0.0009542274380701649,0.0009380331878336023
203,0.0031618906650692225,1.0,0.3336450457572937,0.8666666746139526,1e-04,1.0,0.8666666746139526,0.0,0.0,0.002559452160494402,0.3322508126497269,0.0009593015738097292,0.0009684697201697743
204,0.0037130615673959255,1.0,0.333965003490448,0.8666666746139526,1e-04,1.0,0.8666666746139526,0.0,0.0,0.0026517701509874312,0.33239065259695055,0.0009768738277227717,0.0010033438516537211
205,0.002988876309245825,1.0,0.33404985070228577,0.8666666746139526,1e-04,1.0,0.8666666746139526,0.0,0.0,0.0026923628232907505,0.33252849131822587,0.0009731636496385125,0.001032042925597508
206,0.0026634507812559605,1.0,0.3339952230453491,0.8666666746139526,1e-04,1.0,0.8666666746139526,0.0,0.0,0.0026691973733250053,0.33266726285219195,0.0009680483512664302,0.0010333370758033688
207,0.0017307843081653118,1.0,0.3342350125312805,0.8666666746139526,1e-04,1.0,0.8666666746139526,0.0,0.0,0.0026560275990050288,0.33281687200069426,0.0009788731709958005,0.0010328814344874482
208,0.0020206384360790253,1.0,0.3344205319881439,0.8666666746139526,1e-04,1.0,0.8666666746139526,0.0,0.0,0.002617791754892096,0.3329737961292267,0.0009879678089842535,0.0010261681759174415
209,0.0020793441217392683,1.0,0.33436882495880127,0.8666666746139526,1e-04,1.0,0.8666666746139526,0.0,0.0,0.0026408699282910674,0.3331244260072708,0.0009695581323802715,0.000998404029863705
210,0.0026747931260615587,1.0,0.33449533581733704,0.8666666746139526,1e-04,1.0,0.8666666746139526,0.0,0.0,0.002547562966356054,0.33328007310628893,0.0008665347419245036,0.0009564624763496305
211,0.002146302256733179,1.0,0.3345032334327698,0.8666666746139526,1e-04,1.0,0.8666666746139526,0.0,0.0,0.0025585693889297544,0.33343680649995805,0.0008599451151103851,0.0008845157523156703
212,0.0020036690402776003,1.0,0.3344995677471161,0.8666666746139526,1e-04,1.0,0.8666666746139526,0.0,0.0,0.0025731241330504417,0.33358153253793715,0.0008478821166431078,0.0008063054122853145
213,0.0033838560339063406,1.0,0.3345261514186859,0.8666666746139526,1e-04,1.0,0.8666666746139526,0.0,0.0,0.002669189189327881,0.33370752185583114,0.0008251495011797153,0.000744857517985827
214,0.0018838380929082632,1.0,0.3346809446811676,0.8666666746139526,1e-04,1.0,0.8666666746139526,0.0,0.0,0.0026115087850484995,0.33383638709783553,0.0008376173511742223,0.0006759897894830216
215,0.002449678024277091,1.0,0.33485838770866394,0.8666666746139526,1e-04,1.0,0.8666666746139526,0.0,0.0,0.0026674623659346253,0.3339580371975899,0.0007859681535336936,0.0006283641188218849
216,0.001538939424790442,1.0,0.3347937762737274,0.8666666746139526,1e-04,1.0,0.8666666746139526,0.0,0.0,0.0024862468824721875,0.33407083004713056,0.0005806354439301198,0.0005623215134646478
217,0.0022365718614310026,1.0,0.33467918634414673,0.8666666746139526,1e-04,1.0,0.8666666746139526,0.0,0.0,0.0024772331700660287,0.3341668590903282,0.0005830371593467276,0.0004892771309494199
218,0.0032125406432896852,1.0,0.3346642851829529,0.8666666746139526,1e-04,1.0,0.8666666746139526,0.0,0.0,0.002523515629582107,0.3342472195625305,0.0006025052851766387,0.0004286315281265603
219,0.0019629409071058035,1.0,0.334757000207901,0.8666666746139526,1e-04,1.0,0.8666666746139526,0.0,0.0,0.0024945302167907355,0.3343157172203064,0.0006147083543275957,0.0003937410770321131
220,0.002775226952508092,1.0,0.3351289629936218,0.8666666746139526,1e-04,1.0,0.8666666746139526,0.0,0.0,0.002538681420264766,0.33439122289419176,0.0006014288437829848,0.0003976407090239961
221,0.002000287175178528,1.0,0.3353767693042755,0.8666666746139526,1e-04,1.0,0.8666666746139526,0.0,0.0,0.0024833902076352387,0.3344658359885216,0.0005975400517340883,0.00043391021795090144
222,0.0012995648430660367,1.0,0.3356153666973114,0.8666666746139526,1e-04,1.0,0.8666666746139526,0.0,0.0,0.0023963127285242082,0.33456292301416396,0.0006356028127692413,0.00046210757463426954
223,0.0043983785435557365,1.0,0.3356165289878845,0.8666666746139526,1e-04,1.0,0.8666666746139526,0.0,0.0,0.002458137122448534,0.3346614971756935,0.0007558284047690506,0.00046605352661696685
224,0.002324254484847188,1.0,0.3359602093696594,0.8666666746139526,1e-04,1.0,0.8666666746139526,0.0,0.0,0.002388696768321097,0.33476125746965407,0.0006990057757848733,0.0005170408773776557
225,0.006172524765133858,1.0,0.33577868342399597,0.8666666746139526,1e-04,1.0,0.8666666746139526,0.0,0.0,0.0025478791911154987,0.3348476991057396,0.0010775560181539936,0.0005350812196534928
226,0.0021669380366802216,1.0,0.3357378840446472,0.8666666746139526,1e-04,1.0,0.8666666746139526,0.0,0.0,0.0025230535538867116,0.3349348321557045,0.0010803233907172513,0.0005310418371707057
227,0.001833185087889433,1.0,0.33551785349845886,0.8666666746139526,1e-04,1.0,0.8666666746139526,0.0,0.0,0.0025281735928729177,0.33499897420406344,0.0010767932999720385,0.0005199995667564249
228,0.004660092759877443,1.0,0.3358400762081146,0.8666666746139526,1e-04,1.0,0.8666666746139526,0.0,0.0,0.0026601463090628386,0.33506995141506196,0.0011646636351363858,0.000532920861056118
229,0.0011471674079075456,1.0,0.3359260559082031,0.8666666746139526,1e-04,1.0,0.8666666746139526,0.0,0.0,0.0026135374733712523,0.33514781296253204,0.0012049305781544584,0.0005385248864720636
230,0.0013655517250299454,1.0,0.33608871698379517,0.8666666746139526,1e-04,1.0,0.8666666746139526,0.0,0.0,0.002548075403319672,0.33522748202085495,0.0012350134510239247,0.0005537513811333158
231,0.0021376509685069323,1.0,0.3361382484436035,0.8666666746139526,1e-04,1.0,0.8666666746139526,0.0,0.0,0.0025476428389083596,0.3353092327713966,0.0012351556035037534,0.0005614315451291173
232,0.00214761053211987,1.0,0.33672773838043213,0.8666666746139526,1e-04,1.0,0.8666666746139526,0.0,0.0,0.002554839913500473,0.33542064130306243,0.0012323812253632897,0.0006087885959052081
233,0.001443093759007752,1.0,0.33694586157798767,0.8666666746139526,1e-04,1.0,0.8666666746139526,0.0,0.0,0.0024578017997555434,0.3355416268110275,0.0012396703909973723,0.0006574916714728924
234,0.002339024795219302,1.0,0.3368905782699585,0.8666666746139526,1e-04,1.0,0.8666666746139526,0.0,0.0,0.0024805611348710952,0.33565210849046706,0.001233084900962668,0.0006885012070134838
235,0.002779188333079219,1.0,0.33728888630867004,0.8666666746139526,1e-04,1.0,0.8666666746139526,0.0,0.0,0.002497036650311202,0.3357736334204674,0.0012347623869484277,0.0007494785192266691
236,0.0009735229541547596,1.0,0.3373146951198578,0.8666666746139526,1e-04,1.0,0.8666666746139526,0.0,0.0,0.002468765826779418,0.3358996793627739,0.0012625355825483487,0.0007852184586952835
237,0.0023583699949085712,1.0,0.3376082181930542,0.8666666746139526,1e-04,1.0,0.8666666746139526,0.0,0.0,0.002474855733453296,0.3360461309552193,0.0012616943648700795,0.0008164527207676559
238,0.0021182566415518522,1.0,0.33781328797340393,0.8666666746139526,1e-04,1.0,0.8666666746139526,0.0,0.0,0.0024201415333664046,0.3362035810947418,0.0012522093359183181,0.0008381359127508362
239,0.004297381732612848,1.0,0.33748289942741394,0.8666666746139526,1e-04,1.0,0.8666666746139526,0.0,0.0,0.002536863574641757,0.33633987605571747,0.0013115464550263545,0.0008130796077643406
240,0.0017221125308424234,1.0,0.33746665716171265,0.8666666746139526,1e-04,1.0,0.8666666746139526,0.0,0.0,0.0024842078535584735,0.336456760764122,0.0013220179979495776,0.0007985002657151048
241,0.0022960263304412365,1.0,0.3371935486793518,0.8666666746139526,1e-04,1.0,0.8666666746139526,0.0,0.0,0.002498994811321609,0.33654759973287585,0.0013181709243935975,0.0007734175457262408
242,0.0016269299667328596,1.0,0.3370762765407562,0.8666666746139526,1e-04,1.0,0.8666666746139526,0.0,0.0,0.00251536306750495,0.3366206452250481,0.0013051436351325819,0.0007505738423634042
243,0.0020711158867925406,1.0,0.33674558997154236,0.8666666746139526,1e-04,1.0,0.8666666746139526,0.0,0.0,0.00239899993466679,0.336677098274231,0.0012338719315104735,0.0007145223822072832
244,0.004658329300582409,1.0,0.3366791605949402,0.8666666746139526,1e-04,1.0,0.8666666746139526,0.0,0.0,0.002515703675453551,0.336713045835495,0.0013280697629743552,0.0006953802809238883
245,0.004978193901479244,1.0,0.337058961391449,0.8666666746139526,1e-04,1.0,0.8666666746139526,0.0,0.0,0.0024559871322708204,0.3367770597338676,0.001181007667783802,0.0006646707295378336
246,0.001967864576727152,1.0,0.3369697630405426,0.800000011920929,1e-04,1.0,0.8633333414793014,0.0,0.014529662279100169,0.002446033459273167,0.3368386536836624,0.0011842363565760122,0.0006211729120139342
247,0.00310313468798995,1.0,0.3372875154018402,0.800000011920929,1e-04,1.0,0.8600000083446503,0.0,0.019999998807907104,0.002509530939278193,0.33692713677883146,0.0011837203061505323,0.0005485204774024046
248,0.0018034818349406123,1.0,0.33704903721809387,0.800000011920929,1e-04,1.0,0.8566666752099991,0.0,0.023804760009601817,0.002366700393031351,0.33698758482933044,0.0010837308973761777,0.000488752185626716
249,0.0029261449817568064,1.0,0.33681610226631165,0.800000011920929,1e-04,1.0,0.853333342075348,0.0,0.026666665077209474,0.0024556492717238143,0.33703208714723587,0.0010525429360408961,0.00042664548937897443
250,0.002796001033857465,1.0,0.33643391728401184,0.800000011920929,1e-04,1.0,0.8500000089406967,0.0,0.0288675117388434,0.0025271717371651904,0.3370493471622467,0.001024259489670831,0.0003938546197383192
251,0.003767737653106451,1.0,0.33643344044685364,0.800000011920929,1e-04,1.0,0.8466666758060455,0.0,0.030550502812086953,0.002608676071395166,0.3370641067624092,0.0010544327450394513,0.0003638208708140721
252,0.002394405659288168,1.0,0.3363991379737854,0.800000011920929,1e-04,1.0,0.8433333426713944,0.0,0.03179797148525795,0.002621015827753581,0.33704767674207686,0.0010504011915093733,0.000385418824844202
253,0.002650871407240629,1.0,0.3366044759750366,0.800000011920929,1e-04,1.0,0.8400000095367431,0.0,0.03265986129042949,0.002681404710165225,0.3370306074619293,0.00101506915714388,0.00039693745078142714
254,0.0020377219188958406,1.0,0.3366645276546478,0.800000011920929,1e-04,1.0,0.836666676402092,0.0,0.033166245926691575,0.002666339566349052,0.3370193049311638,0.001022249290392262,0.00040392066692101147
255,0.0022727230098098516,1.0,0.3365424573421478,0.800000011920929,1e-04,1.0,0.8333333432674408,0.0,0.03333333134651184,0.0026410163001855834,0.3369819834828377,0.0010254083583479121,0.0004116970850799947
256,0.0011378169292584062,1.0,0.33693450689315796,0.800000011920929,1e-04,1.0,0.8300000101327896,0.0,0.033166245926691575,0.002649230998940766,0.33696297407150266,0.0010125949508955007,0.00040461213748726343
257,0.0024161215405911207,1.0,0.33659255504608154,0.800000011920929,1e-04,1.0,0.8266666769981384,0.0,0.0326598612904295,0.0026521185762248935,0.33691219091415403,0.0010118434618416833,0.00038363467860918723
258,0.002789700636640191,1.0,0.3364546000957489,0.800000011920929,1e-04,1.0,0.8233333438634872,0.0,0.03179797148525795,0.0026856907759793104,0.3368442565202713,0.0010046870714696071,0.00033530755599054654
259,0.0024745226837694645,1.0,0.33685627579689026,0.800000011920929,1e-04,1.0,0.8200000107288361,0.0,0.03055050281208695,0.0025945478235371413,0.33681292533874513,0.0009345808070851662,0.000301767293086691
260,0.0024996355641633272,1.0,0.3371385633945465,0.800000011920929,1e-04,1.0,0.8166666775941849,0.0,0.0288675117388434,0.002633423975203186,0.3367965206503868,0.0009134129294331265,0.00027336445951882393
261,0.002121782163158059,1.0,0.33741456270217896,0.800000011920929,1e-04,1.0,0.8133333444595336,0.0,0.02666666507720947,0.0026247117668390272,0.33680757135152817,0.0009174117318511469,0.00029295604761172595
262,0.0026282365433871746,1.0,0.33756670355796814,0.800000011920929,1e-04,1.0,0.8100000113248825,0.0,0.023804760009601817,0.0026747770956717432,0.3368320927023888,0.0008884593090053832,0.0003323039430868555
263,0.0015733207110315561,1.0,0.337568074464798,0.800000011920929,1e-04,1.0,0.8066666781902313,0.0,0.019999998807907104,0.0026498873368836938,0.3368732169270515,0.000911690961496138,0.0003680272141360083
264,0.0018299713265150785,1.0,0.33756113052368164,0.800000011920929,1e-04,1.0,0.8033333450555802,0.0,0.014529662279100169,0.0025084694381803272,0.33691731542348863,0.0008019367458382979,0.0003940529352466529
265,0.0009886370971798897,1.0,0.33741360902786255,0.800000011920929,1e-04,1.0,0.800000011920929,0.0,0.0,0.0023089915979653598,0.3369350478053093,0.0006432951939782995,0.0004077688885712354
266,0.002747292397543788,1.0,0.33684852719306946,0.800000011920929,1e-04,1.0,0.800000011920929,0.0,0.0,0.0023479629890061915,0.33692898601293564,0.000645055760838187,0.0004081087533968022
267,0.0023127703461796045,1.0,0.33673033118247986,0.800000011920929,1e-04,1.0,0.800000011920929,0.0,0.0,0.0023084447719156744,0.3369011268019676,0.0006213557406725026,0.00040164989718794635
268,0.0014905285788699985,1.0,0.3365970253944397,0.800000011920929,1e-04,1.0,0.800000011920929,0.0,0.0,0.0022927971091121434,0.3368785262107849,0.0006376033827324427,0.0004053909988299828
269,0.0021633298601955175,1.0,0.33690527081489563,0.800000011920929,1e-04,1.0,0.800000011920929,0.0,0.0,0.0022546563530340792,0.3368829846382141,0.0006211803026783555,0.000405170224236063
270,0.001557028735987842,1.0,0.33703625202178955,0.800000011920929,1e-04,1.0,0.800000011920929,0.0,0.0,0.002192707738140598,0.336913101375103,0.0006258664785550064,0.00039287066940605134
271,0.001374411629512906,1.0,0.337133526802063,0.800000011920929,1e-04,1.0,0.800000011920929,0.0,0.0,0.002073041436960921,0.3369481056928635,0.0005355681933785027,0.00037953616264561137
272,0.00253486935980618,1.0,0.337285578250885,0.800000011920929,1e-04,1.0,0.800000011920929,0.0,0.0,0.0020800646219868214,0.33699242770671844,0.000540633395173831,0.000364292967795134
273,0.0015298175858333707,1.0,0.3373669385910034,0.800000011920929,1e-04,1.0,0.800000011920929,0.0,0.0,0.0020240119309164585,0.33703055083751676,0.0005366471229179819,0.00036158482559389644
274,0.001948363846167922,1.0,0.33734509348869324,0.800000011920929,1e-04,1.0,0.800000011920929,0.0,0.0,0.0020195440272800626,0.33706457912921906,0.0005368863062334797,0.00035753862296844687
275,0.0018949538934975863,1.0,0.3375241458415985,0.800000011920929,1e-04,1.0,0.800000011920929,0.0,0.0,0.002000655571464449,0.3371136635541916,0.000534285773037227,0.00034979151829186663
276,0.0014264661585912108,1.0,0.3375931978225708,0.800000011920929,1e-04,1.0,0.800000011920929,0.0,0.0,0.0020150880329310892,0.3371465981006622,0.0005143084087340868,0.0003621632534998074
277,0.0023278058506548405,1.0,0.3375309705734253,0.800000011920929,1e-04,1.0,0.800000011920929,0.0,0.0,0.0020106722484342756,0.3371935188770294,0.0005112160679249588,0.0003478499496983012
278,0.003750292817130685,1.0,0.33759137988090515,0.800000011920929,1e-04,1.0,0.800000011920929,0.0,0.0,0.0020587018574588,0.3372503578662872,0.0006164452525826223,0.0003136615013976961
279,0.0018151660915464163,1.0,0.3378995358943939,0.800000011920929,1e-04,1.0,0.800000011920929,0.0,0.0,0.0020257340278476478,0.3373025208711624,0.0006109320806166798,0.00033010472598747056
280,0.003331762505695224,1.0,0.3377920389175415,0.800000011920929,1e-04,1.0,0.800000011920929,0.0,0.0,0.0020673403749242427,0.33733519464731215,0.0006675052845864908,0.0003442947104603937
281,0.0023955057840794325,1.0,0.33823439478874207,0.800000011920929,1e-04,1.0,0.800000011920929,0.0,0.0,0.002081026555970311,0.33737618625164034,0.0006712767125204487,0.0003961964365517704
282,0.0016947092954069376,1.0,0.33867746591567993,0.800000011920929,1e-04,1.0,0.800000011920929,0.0,0.0,0.0020343501935712995,0.3374317243695259,0.0006640209746231505,0.0004865580436080358
283,0.0021299656946212053,1.0,0.33908990025520325,0.800000011920929,1e-04,1.0,0.800000011920929,0.0,0.0,0.002062182442750782,0.3375078156590462,0.0006557277847236595,0.0006062150125383557
284,0.0017405060352757573,1.0,0.33936792612075806,0.800000011920929,1e-04,1.0,0.800000011920929,0.0,0.0,0.0020577091781888157,0.3375981554389,0.0006575991202806514,0.0007295161330305087
285,0.0026633888483047485,1.0,0.3399442136287689,0.800000011920929,1e-04,1.0,0.800000011920929,0.0,0.0,0.0021414467657450585,0.3377246856689453,0.0006217887558038476,0.0008886396749288651
286,0.0012049940414726734,1.0,0.34034663438796997,0.800000011920929,1e-04,1.0,0.800000011920929,0.0,0.0,0.002064331847941503,0.3378995910286903,0.0006373141180435486,0.0010317153955948506
287,0.001895015244372189,1.0,0.34092357754707336,0.800000011920929,1e-04,1.0,0.800000011920929,0.0,0.0,0.0020434440928511323,0.33810925334692,0.000635673114097791,0.0011871582302254845
288,0.0035809725522994995,1.0,0.3411884307861328,0.800000011920929,1e-04,1.0,0.800000011920929,0.0,0.0,0.002147966291522607,0.3383388236165047,0.0007043218922284727,0.0013101019696991707
289,0.002029445953667164,1.0,0.34138014912605286,0.800000011920929,1e-04,1.0,0.800000011920929,0.0,0.0,0.0021412720961961895,0.33856256753206254,0.0007047801552139347,0.001423388630087319
290,0.001879294984973967,1.0,0.3418041169643402,0.800000011920929,1e-04,1.0,0.800000011920929,0.0,0.0,0.002157385408645496,0.3388009607791901,0.0006948525120398782,0.0015421102542411938
291,0.0027006054297089577,1.0,0.3421703279018402,0.800000011920929,1e-04,1.0,0.800000011920929,0.0,0.0,0.0022236950986552983,0.33905280083417894,0.0006800919357871287,0.00165628969685105
292,0.0019664738792926073,1.0,0.34245434403419495,0.800000011920929,1e-04,1.0,0.800000011920929,0.0,0.0,0.0021952753246296196,0.33931123912334443,0.000678368649269256,0.0017603625293449398
293,0.002167763886973262,1.0,0.3424544632434845,0.800000011920929,1e-04,1.0,0.800000011920929,0.0,0.0,0.0022271726396866144,0.33956561535596846,0.0006611071996714715,0.0018273332023651708
294,0.0014684677589684725,1.0,0.3426150977611542,0.800000011920929,1e-04,1.0,0.800000011920929,0.0,0.0,0.002203177835326642,0.3398291155695915,0.000679250996653881,0.001867657770768307
295,0.0026408550329506397,1.0,0.3426581919193268,0.800000011920929,1e-04,1.0,0.800000011920929,0.0,0.0,0.0022404728922992946,0.3400858178734779,0.0006817763282271284,0.0018859450822264177
296,0.0020800090860575438,1.0,0.34290069341659546,0.800000011920929,1e-04,1.0,0.800000011920929,0.0,0.0,0.002273150038672611,0.34035119265317915,0.0006571972682272318,0.0018899427398006996
297,0.002678073476999998,1.0,0.3434787094593048,0.800000011920929,1e-04,1.0,0.800000011920929,0.0,0.0,0.002290663419989869,0.34064857959747313,0.0006630613225760829,0.0018907220855435682
298,0.003992925398051739,1.0,0.34420016407966614,0.800000011920929,1e-04,1.0,0.800000011920929,0.0,0.0,0.002302795049035922,0.3409790188074112,0.0006912756572604779,0.0019049944999018423
299,0.001703951507806778,1.0,0.34436118602752686,0.800000011920929,1e-04,1.0,0.800000011920929,0.0,0.0,0.00229723431984894,0.34130210131406785,0.0006956095829891165,0.0019032639709750472
300,0.0019010399701073766,1.0,0.34494590759277344,0.800000011920929,1e-04,1.0,0.800000011920929,0.0,0.0,0.0022256981930695472,0.3416597947478294,0.000658096759059435,0.001882102138332787
